<?xml version="1.0" encoding="UTF-8"?>
<project version="4">
  <component name="ExternalStorageConfigurationManager" enabled="true" />
  <component name="MavenProjectsManager">
    <option name="originalFiles">
      <list>
        <option value="$PROJECT_DIR$/motorph_payroll_system/pom.xml" />
      </list>
    </option>
  </component>
  <component name="ProjectRootManager" version="2" project-jdk-name="23" project-jdk-type="JavaSDK">
    <output url="file://$PROJECT_DIR$/out" />
  </component>
</project>