<?xml version="1.0" encoding="UTF-8"?>
<project version="4">
  <component name="AutoImportSettings">
    <option name="autoReloadType" value="SELECTIVE" />
  </component>
  <component name="ChangeListManager">
    <list default="true" id="ea67d5ce-2183-4741-8308-276a76d084db" name="Changes" comment="update">
      <change beforePath="$PROJECT_DIR$/payroll_system.log" beforeDir="false" afterPath="$PROJECT_DIR$/payroll_system.log" afterDir="false" />
    </list>
    <option name="SHOW_DIALOG" value="false" />
    <option name="HIGHLIGHT_CONFLICTS" value="true" />
    <option name="HIGHLIGHT_NON_ACTIVE_CHANGELIST" value="false" />
    <option name="LAST_RESOLUTION" value="IGNORE" />
  </component>
  <component name="Git.Settings">
    <option name="RECENT_GIT_ROOT_PATH" value="$PROJECT_DIR$" />
  </component>
  <component name="GitHubPullRequestSearchHistory">{
  &quot;lastFilter&quot;: {
    &quot;state&quot;: &quot;OPEN&quot;,
    &quot;assignee&quot;: &quot;joembolinas&quot;
  }
}</component>
  <component name="GithubPullRequestsUISettings">{
  &quot;selectedUrlAndAccountId&quot;: {
    &quot;url&quot;: &quot;https://github.com/joembolinas/CP2_GROUP-4.git&quot;,
    &quot;accountId&quot;: &quot;33f72374-9b5f-42b2-a2aa-33827b828dee&quot;
  }
}</component>
  <component name="KubernetesApiPersistence">{}</component>
  <component name="KubernetesApiProvider">{
  &quot;isMigrated&quot;: true
}</component>
  <component name="ProjectColorInfo">{
  &quot;associatedIndex&quot;: 0
}</component>
  <component name="ProjectId" id="2yrFYakEAv6V4hMpewifp004TSx" />
  <component name="ProjectViewState">
    <option name="hideEmptyMiddlePackages" value="true" />
    <option name="showLibraryContents" value="true" />
  </component>
  <component name="PropertiesComponent"><![CDATA[{
  "keyToString": {
    "Application.Main.executor": "Run",
    "ModuleVcsDetector.initialDetectionPerformed": "true",
    "RunOnceActivity.ShowReadmeOnStart": "true",
    "RunOnceActivity.TerminalTabsStorage.copyFrom.TerminalArrangementManager": "true",
    "RunOnceActivity.git.unshallow": "true",
    "git-widget-placeholder": "main",
    "ignore.virus.scanning.warn.message": "true",
    "node.js.detected.package.eslint": "true",
    "node.js.detected.package.tslint": "true",
    "node.js.selected.package.eslint": "(autodetect)",
    "node.js.selected.package.tslint": "(autodetect)",
    "nodejs_package_manager_path": "npm",
    "settings.editor.selected.configurable": "com.github.copilot.settings.ApplicationConfigurable",
    "vue.rearranger.settings.migration": "true"
  }
}]]></component>
  <component name="SharedIndexes">
    <attachedChunks>
      <set>
        <option value="bundled-jdk-9823dce3aa75-fbdcb00ec9e3-intellij.indexing.shared.core-IU-251.26927.53" />
        <option value="bundled-js-predefined-d6986cc7102b-09060db00ec0-JavaScript-IU-251.26927.53" />
      </set>
    </attachedChunks>
  </component>
  <component name="TaskManager">
    <task active="true" id="Default" summary="Default task">
      <changelist id="ea67d5ce-2183-4741-8308-276a76d084db" name="Changes" comment="" />
      <created>1750584834106</created>
      <option name="number" value="Default" />
      <option name="presentableId" value="Default" />
      <updated>1750584834106</updated>
      <workItem from="1750584836132" duration="1645000" />
      <workItem from="1750588299837" duration="321000" />
      <workItem from="1750588633437" duration="94000" />
      <workItem from="1750588737676" duration="2709000" />
      <workItem from="1751401918346" duration="1562000" />
      <workItem from="1751413238035" duration="3611000" />
      <workItem from="1751417731134" duration="500000" />
      <workItem from="1751465406886" duration="1860000" />
      <workItem from="1751467516932" duration="759000" />
      <workItem from="1751469752683" duration="131000" />
    </task>
    <task id="LOCAL-00001" summary="update">
      <option name="closed" value="true" />
      <created>1751468218987</created>
      <option name="number" value="00001" />
      <option name="presentableId" value="LOCAL-00001" />
      <option name="project" value="LOCAL" />
      <updated>1751468218987</updated>
    </task>
    <option name="localTasksCounter" value="2" />
    <servers />
  </component>
  <component name="TypeScriptGeneratedFilesManager">
    <option name="version" value="3" />
  </component>
  <component name="Vcs.Log.Tabs.Properties">
    <option name="TAB_STATES">
      <map>
        <entry key="MAIN">
          <value>
            <State />
          </value>
        </entry>
      </map>
    </option>
  </component>
  <component name="VcsManagerConfiguration">
    <MESSAGE value="update" />
    <option name="LAST_COMMIT_MESSAGE" value="update" />
  </component>
  <component name="XSLT-Support.FileAssociations.UIState">
    <expand />
    <select />
  </component>
</project>